date,贵州茅台,五粮液,洋河股份,泸州老窖,山西汾酒
2021-01-04,1834.35,281.42,230.25,224.57,254.79
2021-01-05,1896.8,303.35,246.97,242.02,263.37
2021-01-06,1937.35,311.67,239.87,246.02,270.05
2021-01-07,1977.35,313.37,239.27,248.72,290.54
2021-01-08,1927.35,300.37,225.74,239.19,282.19
2021-01-11,1937.08,284.57,211.51,230.62,265.62
2021-01-12,1998.25,293.37,212.69,246.02,272.74
2021-01-13,2001.35,288.7,198.97,249.92,271.48
2021-01-14,1971.35,272.77,194.27,241.7,265.91
2021-01-15,1919.35,271.07,190.77,227.22,253.34
2021-01-18,1900.35,267.92,183.45,215.73,254.69
2021-01-19,1846.76,264.87,173.88,213.59,243.62
2021-01-20,1877.98,268.22,174.07,212.72,245.76
2021-01-21,1907.35,280.32,177.41,222.51,257.91
2021-01-22,1917.3,278.93,176.1,222.81,255.45
2021-01-25,2012.35,299.06,195.38,246.72,267.26
2021-01-26,1979.24,289.15,202.27,247.01,250.41
2021-01-27,1926.35,275.95,189.14,237.72,247.19
2021-01-28,1925.35,269.37,185.73,233.72,243.62
2021-01-29,1953.53,274.51,187.28,241.42,255.35
2021-02-01,1946.67,275.66,184.93,238.97,257.34
2021-02-02,1982.35,287.49,192.26,262.9,275.76
2021-02-03,2027.26,292.12,187.27,262.72,276.51
2021-02-04,2158.2,296.97,185.97,262.78,267.59
2021-02-05,2150.35,303.13,193.99,271.51,270.76
2021-02-08,2206.15,303.37,201.17,274.22,270.05
2021-02-09,2293.78,312.87,203.32,281.82,275.92
2021-02-10,2438.35,326.02,212.08,297.71,304.72
2021-02-18,2308.35,316.87,201.31,276.12,313.62
2021-02-19,2297.35,327.77,199.67,281.73,290.63
2021-02-22,2125.37,296.43,181.15,255.09,260.36
2021-02-23,2144.35,298.37,183.28,258.18,253.62
2021-02-24,2026.35,276.45,181.77,230.73,235.44
2021-02-25,1987.35,272.27,181.82,226.89,228.62
2021-02-26,1960.13,263.37,172.27,218.93,211.55
2021-03-01,1995.35,272.39,170.46,222.07,209.71
2021-03-02,1895.35,264.07,164.75,210.71,208.49
2021-03-03,1977.35,268.67,169.77,215.73,213.99
2021-03-04,1870.35,249.68,162.92,198.22,203.42
2021-03-05,1897.46,249.87,163.18,201.08,209.89
2021-03-08,1797.35,227.87,149.97,179.34,187.69
2021-03-09,1774.34,225.87,144.1,170.93,172.12
2021-03-10,1807.36,235.97,147.47,179.61,190.54
2021-03-11,1885.35,248.41,150.16,190.74,202.9
2021-03-12,1863.35,247.82,148.85,194.41,211.34
2021-03-15,1812.8,234.38,141.14,179.72,191.95
2021-03-16,1847.85,245.78,146.17,184.71,203.64
2021-03-17,1867.71,247.68,144.93,193.77,207.09
2021-03-18,1907.05,253.76,150.42,202.72,217.99
2021-03-19,1847.35,244.16,142.98,198.23,211.48
2021-03-22,1827.34,242.87,143.87,199.91,213.48
2021-03-23,1833.35,245.62,143.93,203.62,212.84
2021-03-24,1826.35,244.17,141.02,198.61,215.05
2021-03-25,1808.35,239.35,143.27,194.42,215.62
2021-03-26,1850.35,249.32,146.46,208.63,227.59
2021-03-29,1871.45,255.46,148.16,208.2,232.47
2021-03-30,1893.4,256.83,149.27,212.62,232.44
2021-03-31,1846.35,251.35,147.97,208.74,225.62
2021-04-01,1881.85,256.45,154.9,216.36,232.82
2021-04-02,1999.35,267.93,157.37,231.62,250.97
2021-04-06,1963.38,268.13,149.68,227.62,250.84
2021-04-07,1898.35,254.22,142.43,212.72,235.09
2021-04-08,1907.35,256.45,143.27,216.92,248.62
2021-04-09,1857.35,248.67,139.19,207.59,236.48
2021-04-12,1846.24,244.36,136.83,209.22,238.41
2021-04-13,1858.35,246.27,134.27,217.62,235.05
2021-04-14,1884.35,247.15,136.28,217.46,240.06
2021-04-15,1852.95,239.17,133.73,215.39,239.33
2021-04-16,1892.33,245.17,142.97,220.43,238.62
2021-04-19,1925.35,249.04,144.46,222.86,241.14
2021-04-20,1932.15,251.12,146.27,223.26,244.44
2021-04-21,1917.35,254.22,148.85,228.32,260.94
2021-04-22,1892.85,254.56,152.16,224.1,265.05
2021-04-23,1946.29,263.37,154.82,233.33,266.83
2021-04-26,1915.17,258.37,152.78,231.17,267.54
2021-04-27,1931.79,265.19,154.49,234.72,278.11
2021-04-28,1879.35,268.97,157.27,244.72,294.37
2021-04-29,1863.71,272.87,174.67,246.7,285.05
2021-04-30,1844.13,268.37,175.77,239.3,280.94
2021-05-06,1796.35,259.81,166.57,223.6,278.16
2021-05-07,1740.35,255.47,169.37,221.12,274.49
2021-05-10,1716.38,247.37,168.87,209.75,270.76
2021-05-11,1796.35,258.82,170.27,220.59,279.19
2021-05-12,1821.35,260.88,166.75,227.02,291.12
2021-05-13,1808.85,259.37,169.06,226.83,291.52
2021-05-14,1847.2,270.37,168.99,231.52,298.38
2021-05-17,1895.31,280.56,171.71,241.53,304.53
2021-05-18,1896.66,282.87,169.27,241.62,305.76
2021-05-19,1886.35,286.16,164.27,241.75,301.24
2021-05-20,1896.23,286.88,169.78,243.22,311.26
2021-05-21,1879.45,279.97,180.38,241.22,307.91
2021-05-24,1908.64,288.38,189.67,248.49,307.35
2021-05-25,2031.85,306.4,195.27,267.77,315.51
2021-05-26,2057.35,302.37,194.91,259.61,308.62
2021-05-27,2082.35,301.55,201.85,259.52,304.69
2021-05-28,2067.35,300.27,201.39,258.21,311.05
2021-05-31,2055.35,298.49,201.07,258.67,318.53
2021-06-01,2078.3,299.07,216.82,261.43,316.46
2021-06-02,2059.35,295.21,206.14,258.52,312.55
2021-06-03,2059.57,296.98,208.59,260.71,324.91
2021-06-04,2088.85,298.67,213.22,263.32,330.19
2021-06-07,2108.35,296.28,215.33,266.94,344.26
2021-06-08,2028.35,281.32,202.07,245.74,318.16
2021-06-09,2036.85,279.87,211.37,245.92,320.76
2021-06-10,2075.83,286.42,218.02,250.43,335.99
2021-06-11,2016.16,284.94,194.55,241.97,323.8
2021-06-15,2030.35,282.63,187.27,233.58,335.05
2021-06-16,1995.35,275.69,187.27,226.3,331.46
2021-06-17,1994.26,277.59,188.03,226.17,343.06
2021-06-18,1928.29,274.37,183.11,216.52,337.24
2021-06-21,1918.99,280.24,178.87,220.22,324.55
2021-06-22,1912.32,283.26,182.57,215.74,326.48
2021-06-23,1875.35,274.31,178.09,209.7,297.94
2021-06-24,1905.4,276.07,186.34,214.72,304.76
2021-06-25,1948.64,283.29,196.39,218.65,306.99
2021-06-28,1959.65,289.68,199.27,219.22,306.56
2021-06-29,1918.64,281.92,189.77,211.87,308.41
2021-06-30,1913.34,281.26,190.47,219.66,307.91
2021-07-01,1961.64,281.57,189.5,219.72,317.91
2021-07-02,1869.64,269.4,184.74,210.32,297.82
2021-07-05,1850.64,264.47,183.61,206.72,316.81
2021-07-06,1869.54,260.62,190.31,209.23,309.05
2021-07-07,1860.64,267.96,185.66,211.37,316.04
2021-07-08,1841.64,253.21,181.45,204.42,327.05
2021-07-09,1828.75,253.23,171.37,200.23,304.75
2021-07-12,1817.64,256.9,178.27,207.52,299.05
2021-07-13,1839.54,261.95,180.07,208.08,329.25
2021-07-14,1818.64,261.25,180.27,209.34,343.58
2021-07-15,1854.63,266.78,182.12,211.83,362.2
2021-07-16,1812.54,263.47,192.68,205.92,358.16
2021-07-19,1831.64,266.84,192.81,212.2,361.85
2021-07-20,1836.64,268.25,192.37,209.76,359.55
2021-07-21,1825.64,267.17,192.17,206.44,355.95
2021-07-22,1796.65,266.05,186.95,200.27,347.73
2021-07-23,1756.64,257.16,182.95,200.22,342.82
2021-07-26,1660.75,235.49,168.76,183.4,308.05
2021-07-27,1569.53,217.1,163.23,173.72,309.41
2021-07-28,1625.54,222.63,159.64,175.01,309.9
2021-07-29,1606.43,221.0,157.27,169.07,303.05
2021-07-30,1535.63,206.7,149.26,154.82,274.05
2021-08-02,1611.64,220.4,158.57,164.61,299.08
2021-08-03,1605.94,226.0,160.17,171.57,301.73
2021-08-04,1580.64,220.45,159.54,164.45,297.05
2021-08-05,1555.64,213.12,158.27,160.34,297.3
2021-08-06,1527.64,211.95,156.35,162.26,296.93
2021-08-09,1550.44,215.96,157.56,163.42,298.04
2021-08-10,1655.64,234.85,164.53,178.41,320.54
2021-08-11,1607.14,232.15,160.81,173.92,312.25
2021-08-12,1546.64,223.87,158.38,170.25,309.05
2021-08-13,1556.68,226.75,158.91,172.62,310.75
2021-08-16,1555.84,226.65,158.77,172.2,315.65
2021-08-17,1491.64,215.9,151.85,163.1,292.66
2021-08-18,1476.64,214.95,156.84,163.27,292.5
2021-08-19,1476.61,208.6,156.24,160.54,287.16
2021-08-20,1404.64,192.33,145.19,147.15,260.09
2021-08-23,1426.83,191.99,153.47,153.44,258.25
2021-08-24,1481.82,195.95,155.92,159.87,266.15
2021-08-25,1521.66,203.45,159.73,161.92,272.6
2021-08-26,1451.64,193.12,156.27,155.8,263.85
2021-08-27,1452.67,191.63,155.37,155.15,269.05
2021-08-30,1442.64,192.95,155.67,162.92,268.02
2021-08-31,1414.64,187.64,153.81,155.77,265.57
2021-09-01,1478.65,193.66,157.27,167.95,267.04
2021-09-02,1475.44,187.18,155.43,164.88,256.07
2021-09-03,1514.86,191.84,152.59,170.07,255.19
2021-09-06,1527.31,197.41,158.13,172.77,268.82
2021-09-07,1525.64,197.92,157.94,172.73,273.23
2021-09-08,1489.74,193.67,154.15,167.68,263.51
2021-09-09,1490.72,193.28,152.75,167.18,263.45
2021-09-10,1519.22,199.65,157.33,173.16,277.75
2021-09-13,1510.64,193.74,158.97,170.7,281.27
2021-09-14,1513.64,191.68,158.47,167.29,287.64
2021-09-15,1472.38,184.45,153.54,158.64,278.03
2021-09-16,1494.71,182.95,159.26,159.97,285.3
2021-09-17,1542.64,187.9,163.27,167.76,304.91
2021-09-22,1494.33,179.88,154.02,160.19,299.05
2021-09-23,1491.64,180.37,150.78,162.89,299.96
2021-09-24,1550.64,186.47,150.28,172.17,309.76
2021-09-27,1711.64,206.52,158.94,190.81,312.95
2021-09-28,1678.7,202.89,153.16,198.8,305.05
2021-09-29,1676.64,204.63,152.06,197.27,306.05
2021-09-30,1686.64,205.34,152.35,207.35,303.55
2021-10-08,1696.24,214.17,164.5,211.1,313.05
2021-10-11,1723.76,213.75,166.77,210.27,305.65
2021-10-12,1727.63,215.29,168.37,210.92,307.05
2021-10-13,1786.54,225.44,174.48,224.05,321.85
2021-10-14,1767.64,225.95,172.32,224.66,328.5
2021-10-15,1773.61,220.27,170.51,220.46,334.85
2021-10-18,1656.64,201.27,157.87,210.69,300.17
2021-10-19,1668.82,204.92,163.13,217.14,318.04
2021-10-20,1697.64,205.89,165.93,217.9,317.85
2021-10-21,1700.64,206.94,166.76,217.67,314.67
2021-10-22,1757.64,210.98,168.77,217.68,316.18
2021-10-25,1729.67,206.31,167.47,216.37,311.66
2021-10-26,1717.69,206.61,166.71,218.67,307.94
2021-10-27,1675.64,201.95,165.66,210.9,298.45
2021-10-28,1682.13,201.24,172.42,213.06,295.15
2021-10-29,1682.72,202.46,172.45,214.72,289.55
2021-11-01,1659.64,190.89,172.37,216.97,274.75
2021-11-02,1661.28,187.27,165.77,209.77,273.95
2021-11-03,1621.64,185.08,161.21,208.78,270.15
2021-11-04,1660.84,192.77,172.95,220.54,281.37
2021-11-05,1676.58,196.26,171.77,215.47,283.33
2021-11-08,1676.74,196.94,166.88,217.27,287.95
2021-11-09,1646.65,194.72,165.47,212.74,290.06
2021-11-10,1610.63,191.65,162.19,204.82,285.95
2021-11-11,1626.24,192.46,163.27,204.57,283.05
2021-11-12,1630.42,189.8,160.64,195.77,279.94
2021-11-15,1617.78,190.65,161.41,197.23,284.3
2021-11-16,1664.64,197.95,164.02,207.57,298.75
2021-11-17,1651.64,197.46,162.07,208.4,298.0
2021-11-18,1648.64,194.57,160.87,208.92,299.17
2021-11-19,1685.05,198.55,161.35,216.3,299.75
2021-11-22,1710.91,201.92,165.23,213.25,298.25
2021-11-23,1753.07,200.75,159.74,211.82,296.22
2021-11-24,1797.64,210.37,162.8,220.72,306.06
2021-11-25,1812.67,208.9,161.37,220.71,303.23
2021-11-26,1797.65,208.81,162.28,219.45,303.05
2021-11-29,1841.64,210.68,162.12,221.27,303.15
2021-11-30,1787.41,203.95,160.57,215.82,298.07
2021-12-01,1789.63,206.51,159.84,217.88,300.47
2021-12-02,1790.64,208.7,160.75,222.95,303.03
2021-12-03,1828.52,215.4,163.18,238.07,312.56
2021-12-06,1823.94,218.25,162.02,230.15,309.05
2021-12-07,1812.51,219.95,158.47,232.24,306.75
2021-12-08,1899.64,229.95,172.24,238.64,318.89
2021-12-09,1943.19,236.95,172.67,239.07,322.05
2021-12-10,1946.64,232.95,171.33,237.94,322.16
2021-12-13,1974.84,235.93,174.97,240.2,327.72
2021-12-14,2006.64,235.95,172.69,246.17,328.98
2021-12-15,1991.64,229.75,167.87,246.99,323.05
2021-12-16,1975.63,229.45,166.94,243.65,301.05
2021-12-17,1907.34,221.11,161.08,234.28,292.35
2021-12-20,1915.6,221.95,160.77,233.42,298.95
2021-12-21,1894.84,217.6,160.57,233.77,291.89
2021-12-22,1904.64,218.07,160.27,238.05,287.06
2021-12-23,1976.64,222.96,160.35,248.77,294.13
2021-12-24,2050.73,227.89,160.81,246.97,295.5
2021-12-27,1988.46,222.16,157.83,246.96,309.46
2021-12-28,1994.82,223.53,159.97,246.57,314.05
2021-12-29,1897.64,211.65,154.67,228.77,303.58
2021-12-30,1931.64,211.45,154.14,239.77,308.43
2021-12-31,1906.64,208.61,151.0,239.64,303.83
2022-01-04,1907.87,209.51,150.97,236.41,298.55
2022-01-05,1880.64,209.7,152.92,233.64,293.06
2022-01-06,1838.86,205.43,150.75,227.52,289.85
2022-01-07,1798.64,203.61,150.95,222.45,283.05
2022-01-10,1822.64,200.91,150.42,222.97,276.45
2022-01-11,1797.19,199.31,147.57,216.77,278.05
2022-01-12,1823.64,203.87,147.7,215.93,273.28
2022-01-13,1734.03,194.85,143.07,209.77,268.93
2022-01-14,1723.64,193.15,140.37,212.92,263.95
2022-01-17,1718.25,194.79,141.39,215.45,267.42
2022-01-18,1748.91,197.44,146.25,221.49,271.33
2022-01-19,1768.64,196.75,147.28,215.66,265.8
2022-01-20,1826.16,199.17,149.12,221.97,266.03
2022-01-21,1841.63,203.21,151.84,222.62,268.28
2022-01-24,1806.84,201.02,153.52,218.67,262.8
2022-01-25,1799.64,194.31,150.77,212.76,256.38
2022-01-26,1811.64,192.0,152.26,213.8,273.65
2022-01-27,1821.64,189.35,147.71,210.27,274.47
2022-01-28,1743.64,184.33,142.62,202.08,263.2
2022-02-07,1724.6,181.57,149.17,200.22,256.35
2022-02-08,1695.64,175.95,144.63,194.13,244.55
2022-02-09,1752.62,181.93,156.13,199.95,259.05
2022-02-10,1729.64,178.99,156.93,199.17,257.95
2022-02-11,1706.61,180.22,155.84,201.95,270.65
2022-02-14,1725.31,183.96,159.23,205.17,281.15
2022-02-15,1747.26,185.75,160.12,209.78,287.42
2022-02-16,1749.19,185.36,161.18,214.73,287.21
2022-02-17,1743.63,183.39,160.27,213.31,285.22
2022-02-18,1763.64,184.95,160.15,213.87,286.72
2022-02-21,1733.63,185.15,158.58,213.46,283.37
2022-02-22,1664.51,179.35,155.82,207.09,278.81
2022-02-23,1683.65,182.15,154.85,208.22,282.86
2022-02-24,1620.75,174.64,147.47,197.52,278.44
2022-02-25,1655.7,176.43,149.57,201.07,277.85
2022-02-28,1647.04,175.95,150.97,202.37,280.28
2022-03-01,1715.12,179.14,155.27,206.56,285.32
2022-03-02,1701.52,175.15,154.38,201.78,287.18
2022-03-03,1656.64,168.02,151.16,191.85,274.85
2022-03-04,1637.14,162.32,148.66,189.03,271.05
2022-03-07,1563.64,151.95,144.0,176.62,260.45
2022-03-08,1609.84,152.2,139.57,181.57,261.99
2022-03-09,1635.82,148.83,138.45,186.1,262.0
2022-03-10,1651.07,158.1,144.47,198.09,282.05
2022-03-11,1625.65,157.72,143.63,191.37,275.17
2022-03-14,1556.64,152.22,132.34,180.75,256.05
2022-03-15,1459.64,143.1,122.0,172.75,247.0
2022-03-16,1531.59,150.75,124.27,179.76,258.35
2022-03-17,1576.79,154.19,130.27,189.67,268.05
2022-03-18,1564.43,153.85,130.27,189.65,262.39
2022-03-21,1560.94,151.66,128.78,191.17,262.44
2022-03-22,1551.64,150.25,128.21,188.13,258.75
2022-03-23,1608.83,151.89,129.7,190.57,259.52
2022-03-24,1577.57,147.31,127.62,185.67,251.45
2022-03-25,1546.64,143.14,122.59,175.99,245.85
2022-03-28,1517.44,137.15,119.67,167.67,229.3
2022-03-29,1523.64,135.13,119.07,164.54,230.94
2022-03-30,1586.74,142.9,123.04,173.79,242.65
2022-03-31,1575.64,141.01,121.9,171.65,242.95
2022-04-01,1636.65,145.85,124.17,176.47,246.86
2022-04-06,1621.64,145.96,123.31,173.27,238.9
2022-04-07,1621.64,146.4,123.67,173.54,238.47
2022-04-08,1640.64,146.54,123.27,174.44,235.55
2022-04-11,1576.64,139.61,118.87,165.87,217.88
2022-04-12,1638.64,149.83,124.76,178.77,240.86
2022-04-13,1625.64,148.27,124.07,178.47,244.45
2022-04-14,1665.64,157.52,126.88,195.3,260.57
2022-04-15,1662.63,155.85,124.27,194.27,253.75
2022-04-18,1647.46,153.13,123.08,191.87,252.26
2022-04-19,1646.94,150.95,121.72,188.72,249.19
2022-04-20,1653.64,151.85,123.97,188.68,252.06
2022-04-21,1636.62,148.53,124.26,185.16,250.05
2022-04-22,1629.64,151.38,128.35,187.17,249.13
2022-04-25,1564.64,140.95,120.07,178.47,241.55
2022-04-26,1589.12,144.45,123.02,186.63,245.56
2022-04-27,1651.56,147.34,125.8,187.5,256.9
2022-04-28,1691.64,151.8,130.87,199.77,260.05
2022-04-29,1685.02,148.08,145.33,196.5,260.05
2022-05-05,1693.64,147.49,147.57,195.76,255.11
2022-05-06,1649.64,143.01,140.42,185.7,241.71
2022-05-09,1608.64,140.73,137.08,179.85,233.42
2022-05-10,1622.83,141.28,143.43,183.43,239.12
2022-05-11,1624.64,143.46,143.8,187.27,244.84
2022-05-12,1619.31,144.03,146.47,191.19,246.86
2022-05-13,1634.88,142.89,144.97,190.32,246.46
2022-05-16,1614.64,141.13,143.77,187.72,243.0
2022-05-17,1624.64,142.1,145.08,188.65,246.05
2022-05-18,1617.64,140.53,143.65,184.55,246.24
2022-05-19,1612.64,139.47,143.58,181.94,241.05
2022-05-20,1656.65,148.42,147.07,194.79,251.03
2022-05-23,1637.64,145.38,144.17,191.75,243.05
2022-05-24,1616.64,142.52,142.25,187.52,240.09
2022-05-25,1612.15,143.4,141.32,183.27,236.31
2022-05-26,1599.44,143.17,141.32,182.58,233.65
2022-05-27,1611.8,143.9,141.77,183.17,239.34
2022-05-30,1635.05,152.13,146.1,191.77,249.3
2022-05-31,1660.67,157.35,151.27,200.57,260.55
2022-06-01,1644.89,156.36,149.07,200.21,259.65
2022-06-02,1642.64,155.7,148.56,196.1,258.3
2022-06-06,1644.64,158.89,148.91,200.57,264.83
2022-06-07,1674.54,160.07,150.86,202.88,274.15
2022-06-08,1722.24,164.08,155.97,206.99,274.55
2022-06-09,1709.64,161.96,150.82,201.17,271.42
2022-06-10,1757.24,163.37,155.66,204.87,275.02
2022-06-13,1712.64,158.46,151.07,199.12,264.75
2022-06-14,1727.64,159.75,153.02,199.47,268.35
2022-06-15,1731.74,163.23,154.83,204.07,274.06
2022-06-16,1733.64,163.55,153.99,203.92,271.05
2022-06-17,1807.64,167.13,155.99,208.77,275.93
2022-06-20,1798.66,169.44,161.26,212.89,286.85
2022-06-21,1802.38,167.61,160.06,213.77,284.6
2022-06-22,1792.64,164.02,158.96,210.83,281.11
2022-06-23,1813.74,166.35,159.97,212.16,288.33
2022-06-24,1865.65,170.95,162.47,215.77,290.85
2022-06-27,1867.19,178.95,165.86,224.48,307.55
2022-06-28,1892.64,185.6,169.71,222.77,307.45
2022-06-29,1886.64,180.97,168.37,221.67,305.79
2022-06-30,1923.32,190.9,172.42,232.31,314.65
2022-07-01,1907.37,191.97,173.63,231.32,302.0
2022-07-04,1896.32,190.01,172.27,228.32,298.75
2022-07-05,1911.33,187.58,171.77,229.77,296.09
2022-07-06,1880.32,183.71,169.0,221.11,288.05
2022-07-07,1868.32,180.56,167.22,220.82,289.45
2022-07-08,1877.32,181.67,167.91,226.74,290.62
2022-07-11,1841.92,178.35,164.45,219.97,283.05
2022-07-12,1826.73,178.97,162.71,220.3,280.24
2022-07-13,1837.21,182.07,162.67,222.77,279.61
2022-07-14,1831.32,179.1,162.28,220.05,278.27
2022-07-15,1827.82,178.87,161.77,223.37,278.92
2022-07-18,1829.98,176.3,158.87,220.3,277.15
2022-07-19,1821.42,177.87,159.93,220.57,274.85
2022-07-20,1828.42,178.08,161.37,221.47,280.24
2022-07-21,1817.32,175.67,157.77,219.66,280.05
2022-07-22,1825.32,174.88,159.66,218.27,280.65
2022-07-25,1822.97,177.05,160.32,219.57,282.66
2022-07-26,1828.53,179.96,162.16,223.15,286.05
2022-07-27,1797.92,177.07,160.66,217.27,276.97
2022-07-28,1776.32,176.09,160.27,214.81,276.13
2022-07-29,1776.76,167.37,154.47,207.97,264.02
2022-08-01,1768.62,167.55,158.32,209.77,261.51
2022-08-02,1758.3,164.63,155.19,204.99,256.35
2022-08-03,1763.32,163.56,155.27,206.37,257.03
2022-08-04,1794.33,165.75,158.53,211.57,263.65
2022-08-05,1802.28,168.15,158.11,211.25,265.38
2022-08-08,1789.85,166.88,156.37,207.72,266.62
2022-08-09,1788.32,165.95,155.32,205.96,266.74
2022-08-10,1754.32,162.97,155.75,201.09,262.92
2022-08-11,1785.22,166.88,157.6,206.61,267.7
2022-08-12,1806.32,167.67,164.28,210.45,273.12
2022-08-15,1798.21,164.97,161.57,205.77,267.73
2022-08-16,1796.16,164.2,161.57,204.16,258.64
2022-08-17,1796.32,165.17,163.97,207.75,259.25
2022-08-18,1773.82,162.4,158.07,201.57,256.42
2022-08-19,1773.33,162.63,160.12,202.07,254.89
2022-08-22,1772.3,160.47,163.24,204.76,255.28
2022-08-23,1748.33,156.97,159.86,200.77,251.5
2022-08-24,1732.52,156.21,158.77,199.97,252.85
2022-08-25,1763.32,158.38,162.27,205.67,265.85
2022-08-26,1776.32,159.07,163.7,212.29,276.78
2022-08-29,1757.14,154.32,154.55,213.72,275.15
2022-08-30,1748.32,153.0,153.12,215.17,273.94
2022-08-31,1802.32,156.16,153.73,223.22,282.85
2022-09-01,1759.21,152.53,148.85,219.7,282.43
2022-09-02,1753.32,150.81,143.68,214.52,278.38
2022-09-05,1713.32,147.99,140.39,210.82,272.63
2022-09-06,1723.32,149.5,140.05,210.12,275.87
2022-09-07,1696.33,147.91,137.26,208.33,267.97
2022-09-08,1693.32,148.04,135.93,209.8,275.44
2022-09-09,1723.11,150.43,137.03,213.72,281.06
2022-09-13,1757.32,152.6,140.81,213.5,282.85
2022-09-14,1747.32,151.37,138.12,210.32,282.15
2022-09-15,1758.32,153.37,137.55,213.61,285.85
2022-09-16,1737.32,150.05,134.29,207.02,279.35
2022-09-19,1749.96,151.99,136.08,209.8,283.6
2022-09-20,1756.32,154.76,138.4,214.72,285.94
2022-09-21,1726.32,152.42,137.15,211.32,282.0
2022-09-22,1699.13,147.87,135.13,208.14,282.29
2022-09-23,1712.75,148.1,136.31,209.89,281.74
2022-09-26,1741.32,151.08,140.34,216.14,289.5
2022-09-27,1766.32,159.8,146.02,221.27,298.03
2022-09-28,1761.32,158.57,147.46,220.28,296.7
2022-09-29,1758.67,157.48,148.7,220.02,294.13
2022-09-30,1750.82,158.2,147.42,219.68,292.74
2022-10-10,1664.32,147.87,143.65,199.33,272.95
2022-10-11,1658.31,147.56,143.07,205.37,272.95
2022-10-12,1638.32,145.57,141.96,202.12,268.35
2022-10-13,1578.31,142.54,140.2,198.93,263.45
2022-10-14,1615.93,148.09,142.63,201.24,267.79
2022-10-17,1596.82,146.62,139.78,196.89,261.43
2022-10-18,1584.15,147.67,136.57,196.92,260.35
2022-10-19,1526.32,143.47,130.4,185.64,252.45
2022-10-20,1521.82,143.12,132.06,186.04,259.54
2022-10-21,1502.32,141.12,130.65,180.99,256.35
2022-10-24,1379.6,132.2,122.97,167.02,232.69
2022-10-25,1358.07,131.09,124.36,165.0,233.95
2022-10-26,1342.4,132.37,123.16,162.97,230.8
2022-10-27,1279.32,126.07,119.19,148.32,219.55
2022-10-28,1238.32,126.47,121.24,149.36,224.48
2022-10-31,1228.32,122.47,119.92,145.37,222.23
2022-11-01,1340.33,131.55,125.76,159.02,240.83
2022-11-02,1350.28,132.59,127.27,163.95,245.76
2022-11-03,1317.82,129.89,124.75,161.72,238.51
2022-11-04,1394.89,138.97,129.14,172.78,249.68
2022-11-07,1385.43,140.11,128.28,171.9,253.85
2022-11-08,1363.2,136.46,126.67,168.01,248.11
2022-11-09,1338.22,134.37,124.36,164.52,242.57
2022-11-10,1353.32,134.73,125.76,166.34,248.84
2022-11-11,1406.47,138.99,131.24,175.31,258.33
2022-11-14,1411.32,139.27,133.71,172.18,251.97
2022-11-15,1466.32,143.12,137.07,175.02,254.05
2022-11-16,1463.57,143.18,135.5,175.19,255.96
2022-11-17,1445.32,141.57,135.57,171.95,249.42
2022-11-18,1445.45,142.58,135.27,174.25,253.08
2022-11-21,1398.3,137.9,131.76,166.72,245.84
2022-11-22,1418.27,139.2,132.22,166.92,245.65
2022-11-23,1427.32,138.74,130.4,166.02,243.15
2022-11-24,1398.31,136.78,129.6,162.67,238.84
2022-11-25,1400.33,136.35,129.08,162.39,238.73
2022-11-28,1388.2,136.62,127.8,162.38,235.74
2022-11-29,1477.32,144.02,131.83,174.96,250.71
2022-11-30,1477.32,145.83,130.65,175.03,245.9
2022-12-01,1509.12,153.56,134.65,184.41,250.47
2022-12-02,1512.2,152.03,134.93,181.78,251.84
2022-12-05,1543.22,157.48,136.8,185.65,254.25
2022-12-06,1566.32,164.37,140.2,192.53,263.85
2022-12-07,1562.32,162.65,140.1,193.74,265.16
2022-12-08,1565.34,163.73,141.83,193.42,267.85
2022-12-09,1608.32,172.24,150.3,201.9,274.04
2022-12-12,1617.34,167.32,147.89,197.54,267.55
2022-12-13,1628.32,168.44,150.07,200.89,268.9
2022-12-14,1649.19,173.05,156.41,209.72,278.77
2022-12-15,1665.31,170.93,156.77,208.37,273.91
2022-12-16,1665.19,171.49,156.93,212.01,276.66
2022-12-19,1651.32,168.92,155.07,209.1,273.84
2022-12-20,1593.32,161.48,147.27,198.02,261.59
2022-12-21,1617.32,163.46,148.77,201.4,267.69
2022-12-22,1646.32,168.47,151.47,206.33,272.63
2022-12-23,1649.32,169.26,151.95,210.2,273.81
2022-12-26,1620.38,167.57,148.27,206.52,271.55
2022-12-27,1633.23,170.02,151.26,211.51,275.85
2022-12-28,1633.23,169.15,149.87,213.32,275.2
2022-12-29,1619.23,167.72,149.13,208.19,272.68
2022-12-30,1627.23,169.66,149.77,213.3,274.84
2023-01-03,1630.24,167.17,146.4,208.88,265.69
2023-01-04,1625.24,167.59,146.97,210.02,265.85
2023-01-05,1701.23,177.97,155.01,223.61,275.91
2023-01-06,1704.0,179.43,155.91,223.59,277.35
2023-01-09,1741.43,184.85,166.14,227.48,279.83
2023-01-10,1754.68,184.21,166.07,228.02,283.85
2023-01-11,1745.18,183.07,164.28,226.02,283.85
2023-01-12,1734.23,182.36,164.27,225.68,287.15
2023-01-13,1787.23,187.55,171.95,233.32,296.41
2023-01-16,1813.13,195.49,175.55,241.02,301.75
2023-01-17,1808.23,191.83,173.27,238.03,295.85
2023-01-18,1793.23,194.77,171.57,235.52,288.98
2023-01-19,1780.44,194.27,173.74,236.4,288.33
2023-01-20,1760.24,197.69,172.38,236.82,286.25
2023-01-30,1788.23,206.57,173.76,238.25,286.78
2023-01-31,1745.99,197.97,164.87,226.02,281.4
2023-02-01,1745.2,199.03,167.77,227.5,280.78
2023-02-02,1736.34,201.48,165.11,228.04,281.25
2023-02-03,1718.23,198.97,164.77,224.32,276.43
2023-02-06,1695.23,190.67,159.81,223.05,271.2
2023-02-07,1697.23,192.14,158.81,221.92,274.39
2023-02-08,1684.23,188.52,158.07,221.19,270.31
2023-02-09,1718.23,196.36,161.17,230.59,278.85
2023-02-10,1710.23,193.67,161.24,236.02,276.86
2023-02-13,1756.58,201.37,169.17,249.62,286.55
2023-02-14,1744.02,198.21,167.02,241.05,289.35
2023-02-15,1741.23,199.97,165.98,239.62,286.87
2023-02-16,1762.05,199.76,165.37,239.02,289.36
2023-02-17,1721.01,197.12,165.46,240.42,283.85
2023-02-20,1775.23,201.92,168.27,246.76,287.72
2023-02-21,1767.23,199.05,163.97,243.45,282.12
2023-02-22,1736.23,196.47,162.07,241.4,279.97
2023-02-23,1718.23,194.07,160.25,240.5,278.85
2023-02-24,1688.23,190.07,157.82,237.62,271.73
2023-02-27,1710.64,193.78,162.15,240.22,273.6
2023-02-28,1713.97,193.39,159.28,239.02,272.5
2023-03-01,1738.76,196.35,162.5,244.3,274.15
2023-03-02,1728.23,195.21,161.68,243.98,268.75
2023-03-03,1718.27,194.73,161.6,243.52,265.43
2023-03-06,1707.37,193.55,160.7,241.39,264.15
2023-03-07,1688.53,189.42,158.27,236.42,256.5
2023-03-08,1670.65,188.27,157.13,232.82,254.53
2023-03-09,1670.25,186.97,155.58,232.0,253.34
2023-03-10,1650.23,184.21,153.41,227.0,252.0
2023-03-13,1662.23,187.57,157.27,233.75,261.05
2023-03-14,1666.23,184.25,155.18,229.52,261.95
2023-03-15,1651.15,181.29,154.26,225.9,257.95
2023-03-16,1652.22,180.17,153.45,226.0,263.36
2023-03-17,1642.23,177.47,148.77,224.74,257.08
2023-03-20,1629.83,174.87,148.27,220.02,256.08
2023-03-21,1675.23,181.21,151.77,229.57,262.2
2023-03-22,1673.58,180.74,152.07,230.91,258.9
2023-03-23,1675.09,183.55,154.36,233.06,260.96
2023-03-24,1678.85,181.99,152.92,234.67,263.45
2023-03-27,1668.02,179.38,151.52,231.21,261.34
2023-03-28,1682.03,181.47,157.85,237.75,264.68
2023-03-29,1690.23,184.25,158.62,242.6,263.84
2023-03-30,1700.23,187.36,159.64,245.56,264.85
2023-03-31,1720.23,185.97,154.73,243.81,262.25
2023-04-03,1702.3,184.16,155.87,243.31,257.67
2023-04-04,1714.82,185.12,154.7,248.25,257.21
2023-04-06,1697.19,179.51,152.22,239.06,247.11
2023-04-07,1691.22,178.03,147.93,238.02,242.24
2023-04-10,1671.93,173.62,144.97,236.52,233.96
2023-04-11,1645.73,169.5,144.07,228.01,235.41
2023-04-12,1594.33,164.79,140.54,222.21,230.93
2023-04-13,1623.23,166.85,140.56,223.32,236.52
2023-04-14,1613.65,164.56,139.21,218.57,233.16
2023-04-17,1653.23,167.15,141.92,222.44,234.85
2023-04-18,1658.23,167.29,141.51,223.1,235.68
2023-04-19,1659.23,165.26,142.15,221.11,234.54
2023-04-20,1642.11,162.47,139.23,218.52,231.79
2023-04-21,1625.7,160.97,139.23,218.14,228.72
2023-04-24,1605.23,156.97,136.47,210.77,226.08
2023-04-25,1630.61,158.77,140.4,214.54,230.63
2023-04-26,1644.14,157.58,138.82,214.63,229.91
2023-04-27,1658.15,158.14,137.56,214.56,233.97
2023-04-28,1660.75,157.97,138.97,215.26,238.31
2023-05-04,1650.13,157.92,134.31,210.2,228.86
2023-05-05,1650.23,162.68,137.13,212.81,230.25
2023-05-08,1620.75,160.37,135.58,211.32,224.55
2023-05-09,1622.23,163.74,136.56,210.27,231.17
2023-05-10,1625.23,162.29,134.81,206.78,227.4
2023-05-11,1617.3,161.54,134.23,205.01,225.92
2023-05-12,1606.63,158.34,132.62,202.84,223.65
2023-05-15,1616.53,161.41,133.76,204.9,225.18
2023-05-16,1603.52,159.46,133.65,202.02,223.35
2023-05-17,1601.23,158.31,131.07,199.02,220.05
2023-05-18,1591.23,157.63,130.5,196.39,216.99
2023-05-19,1599.73,159.77,131.3,202.17,222.13
2023-05-22,1646.23,166.58,135.56,213.02,214.84
2023-05-23,1624.78,162.97,132.57,209.72,203.63
2023-05-24,1611.13,159.32,129.81,206.74,205.25
2023-05-25,1601.23,157.17,128.07,205.62,205.5
2023-05-26,1590.79,159.07,127.93,203.15,207.21
2023-05-29,1589.23,157.23,126.83,202.98,203.96
2023-05-30,1568.52,154.14,126.06,198.78,200.54
2023-05-31,1529.13,150.15,123.51,193.05,199.68
2023-06-01,1536.15,152.29,123.71,196.55,202.26
2023-06-02,1570.83,156.87,127.16,201.24,205.98
2023-06-05,1565.23,154.17,124.53,195.78,201.85
2023-06-06,1567.22,154.59,124.22,198.01,200.55
2023-06-07,1551.13,152.97,122.6,194.3,195.77
2023-06-08,1568.23,153.79,126.32,195.32,197.86
2023-06-09,1566.23,153.56,125.53,194.96,194.05
2023-06-12,1596.23,159.38,128.5,206.22,195.9
2023-06-13,1599.23,162.05,129.92,209.92,194.65
2023-06-14,1627.11,166.65,131.69,217.22,200.68
2023-06-15,1655.23,170.97,133.77,219.52,209.42
2023-06-16,1697.92,173.05,134.42,221.62,209.82
2023-06-19,1644.23,166.51,132.07,215.08,204.88
2023-06-20,1643.69,162.98,131.48,210.41,198.85
2023-06-21,1636.06,160.37,130.52,208.92,193.45
2023-06-26,1609.23,155.63,127.98,201.48,188.77
2023-06-27,1611.28,158.87,129.01,207.24,185.06
2023-06-28,1628.61,159.42,127.83,206.88,184.71
2023-06-29,1613.94,156.56,124.96,201.29,178.76
2023-06-30,1617.14,156.32,124.36,198.59,178.24
2023-07-03,1650.24,160.11,127.52,207.02,189.34
2023-07-04,1656.74,160.97,127.89,209.87,194.45
2023-07-05,1641.52,158.13,125.33,203.74,191.22
2023-07-06,1629.12,157.05,123.73,201.7,191.1
2023-07-07,1616.17,156.41,123.29,200.37,191.27
2023-07-10,1627.04,157.35,124.0,202.02,194.54
2023-07-11,1636.14,157.89,124.26,201.45,195.08
2023-07-12,1639.94,158.21,124.94,202.87,197.51
2023-07-13,1664.54,165.4,127.96,216.27,206.13
2023-07-14,1679.14,164.74,128.09,218.01,204.17
2023-07-17,1656.11,162.41,126.64,212.01,204.01
2023-07-18,1648.94,161.15,124.99,211.32,204.58
2023-07-19,1649.14,161.07,124.62,210.17,206.12
2023-07-20,1650.14,161.31,124.18,211.26,206.17
2023-07-21,1697.44,164.02,126.82,215.97,207.69
2023-07-24,1697.29,162.11,126.3,212.09,202.47
2023-07-25,1754.69,172.25,131.65,227.78,218.17
2023-07-26,1754.69,170.55,131.9,226.72,221.09
2023-07-27,1764.17,171.21,131.72,228.79,228.87
2023-07-28,1823.14,173.93,135.77,233.99,230.45
2023-07-31,1806.72,173.75,139.65,230.13,231.95
2023-08-01,1815.14,172.63,137.56,226.61,225.67
2023-08-02,1806.14,170.73,136.34,226.44,224.52
2023-08-03,1804.61,171.35,137.61,226.9,227.74
2023-08-04,1819.61,172.03,137.51,228.92,227.32
2023-08-07,1814.07,170.06,135.38,224.23,225.1
2023-08-08,1816.14,169.63,135.23,224.92,223.87
2023-08-09,1816.42,169.93,135.85,226.32,224.87
2023-08-10,1801.14,169.06,135.21,226.02,225.13
2023-08-11,1760.14,165.11,131.81,221.7,219.47
2023-08-14,1729.14,161.37,128.7,218.92,217.44
2023-08-15,1739.12,159.25,129.87,218.35,217.17
2023-08-16,1746.14,159.45,129.91,218.7,218.67
2023-08-17,1754.19,161.19,130.55,224.09,222.89
2023-08-18,1728.73,156.28,127.06,218.72,218.93
2023-08-21,1717.14,154.72,126.92,217.92,220.02
2023-08-22,1714.14,154.9,127.31,217.85,219.62
2023-08-23,1700.14,152.76,125.37,213.5,214.97
2023-08-24,1742.44,155.01,128.21,222.32,223.09
2023-08-25,1751.12,154.3,128.35,220.62,224.02
2023-08-28,1761.11,150.24,128.59,221.53,228.17
2023-08-29,1777.47,152.15,129.36,227.09,235.96
2023-08-30,1782.14,150.57,126.59,226.5,235.17
2023-08-31,1773.14,148.66,127.21,225.54,235.22
2023-09-01,1777.19,152.49,130.41,231.04,242.37
2023-09-04,1792.14,160.68,134.36,234.42,255.99
2023-09-05,1784.84,158.47,132.54,231.32,251.48
2023-09-06,1787.14,158.44,132.87,231.33,249.78
2023-09-07,1764.14,155.85,130.61,226.81,246.91
2023-09-08,1744.64,154.67,129.72,226.54,248.7
2023-09-11,1748.31,157.1,131.44,228.63,250.12
2023-09-12,1746.1,155.73,131.01,226.33,247.62
2023-09-13,1746.05,156.4,130.83,225.47,248.97
2023-09-14,1744.83,154.75,129.86,225.48,248.37
2023-09-15,1708.13,152.46,128.38,219.84,245.72
2023-09-18,1755.34,155.55,129.34,220.57,245.74
2023-09-19,1753.08,153.66,128.26,220.63,243.17
2023-09-20,1750.14,152.59,127.62,220.39,241.21
2023-09-21,1724.53,150.41,124.89,213.92,234.67
2023-09-22,1775.14,152.67,126.81,220.24,239.48
2023-09-25,1758.52,151.65,125.45,218.54,237.89
2023-09-26,1742.14,149.4,124.37,215.68,236.43
2023-09-27,1740.14,149.34,123.49,215.35,234.88
2023-09-28,1724.69,148.85,122.41,209.89,232.67
2023-10-09,1703.14,147.02,121.4,208.19,236.21
2023-10-10,1696.14,146.16,119.3,204.53,234.07
2023-10-11,1704.64,146.45,119.09,203.37,233.07
2023-10-12,1712.14,148.48,119.33,203.22,228.16
2023-10-13,1677.14,146.38,114.88,198.39,223.42
2023-10-16,1656.04,142.89,112.04,196.68,219.94
2023-10-17,1652.14,143.16,112.13,197.08,222.57
2023-10-18,1654.14,141.99,112.01,197.45,225.3
2023-10-19,1556.14,137.0,109.04,191.05,217.17
2023-10-20,1571.14,136.45,108.03,190.24,216.58
2023-10-23,1570.12,136.5,108.14,190.83,218.77
2023-10-24,1569.09,136.8,109.46,192.04,223.25
2023-10-25,1603.64,142.09,111.71,199.29,232.62
2023-10-26,1598.37,143.8,112.85,199.3,236.05
2023-10-27,1602.85,145.74,114.95,202.2,235.68
2023-10-30,1607.14,149.35,115.71,204.4,238.95
2023-10-31,1610.72,148.75,115.11,207.85,240.37
2023-11-01,1707.13,152.75,114.91,215.17,244.18
2023-11-02,1705.64,150.65,112.92,211.68,239.9
2023-11-03,1737.38,152.42,114.12,214.52,242.75
2023-11-06,1738.14,152.59,114.71,213.84,244.66
2023-11-07,1717.31,152.06,114.19,212.99,241.6
2023-11-08,1724.48,151.38,113.67,210.14,241.67
2023-11-09,1720.25,151.3,114.31,208.97,241.62
2023-11-10,1701.98,149.65,112.26,205.31,237.47
2023-11-13,1690.14,147.63,112.02,202.45,233.77
2023-11-14,1691.41,148.65,111.67,202.82,234.05
2023-11-15,1699.07,150.0,111.78,205.14,235.68
2023-11-16,1686.19,149.12,110.31,203.88,231.17
2023-11-17,1679.56,147.75,109.38,201.54,229.15
2023-11-20,1688.64,147.15,110.21,202.11,229.61
2023-11-21,1716.14,148.05,112.62,206.31,237.72
2023-11-22,1707.65,146.26,111.93,203.99,236.06
2023-11-23,1712.14,145.82,111.73,202.94,233.51
2023-11-24,1703.14,145.98,111.31,203.6,233.68
2023-11-27,1689.14,142.0,109.51,199.74,230.37
2023-11-28,1695.18,141.5,109.5,199.54,227.16
2023-11-29,1700.85,141.05,108.64,198.59,230.15
2023-11-30,1717.64,141.9,109.64,200.74,232.03
2023-12-01,1686.42,139.96,108.91,195.24,229.02
2023-12-04,1676.85,138.6,107.82,191.67,222.17
2023-12-05,1635.14,135.42,104.56,185.85,215.39
2023-12-06,1629.14,136.85,105.71,184.71,215.89
2023-12-07,1626.14,135.27,105.9,182.24,217.95
2023-12-08,1631.06,135.68,104.71,183.24,224.67
2023-12-11,1624.14,131.95,105.01,174.79,218.77
2023-12-12,1636.13,132.05,106.37,177.7,223.64
2023-12-13,1586.14,126.53,102.31,167.54,215.17
2023-12-14,1562.04,125.4,100.07,162.76,209.37
2023-12-15,1571.14,126.45,100.36,165.29,210.67
2023-12-18,1588.14,126.75,100.63,166.0,211.44
2023-12-19,1601.14,126.08,100.32,165.3,211.87
2023-12-20,1595.03,124.88,99.91,162.56,208.97
2023-12-21,1615.24,126.85,100.84,164.0,214.9
2023-12-22,1615.89,126.17,99.83,163.72,215.43
2023-12-25,1617.24,127.3,100.4,166.33,219.83
2023-12-26,1615.24,127.07,99.04,164.38,218.14
2023-12-27,1612.3,126.58,98.27,163.51,218.67
2023-12-28,1670.23,132.85,103.39,172.73,226.48
2023-12-29,1671.24,133.06,102.91,172.66,223.9
2024-01-02,1630.25,128.75,99.25,166.11,214.96
2024-01-03,1639.24,127.63,98.9,163.84,214.24
2024-01-04,1614.24,125.07,95.4,158.24,210.67
2024-01-05,1608.6,123.99,94.71,156.34,208.39
2024-01-08,1589.23,120.85,93.03,153.4,206.68
2024-01-09,1586.24,120.56,93.36,153.04,204.18
2024-01-10,1586.74,121.55,93.26,153.75,206.27
2024-01-11,1591.81,122.37,93.34,155.0,206.05
2024-01-12,1588.3,121.5,91.17,152.72,204.64
2024-01-15,1585.24,121.43,89.8,151.49,197.06
2024-01-16,1584.67,121.16,90.27,151.94,197.68
2024-01-17,1522.24,117.89,87.34,147.04,189.56
2024-01-18,1556.11,120.65,90.21,149.87,197.51
2024-01-19,1580.24,121.64,89.63,151.04,198.65
2024-01-22,1587.24,119.75,87.8,147.45,195.4
2024-01-23,1564.24,120.13,87.38,146.82,194.43
2024-01-24,1571.24,120.8,87.85,144.98,193.89
2024-01-25,1583.24,123.86,89.21,149.04,197.46
2024-01-26,1582.56,123.75,87.84,148.42,200.56
2024-01-29,1595.24,124.53,88.74,150.09,201.37
2024-01-30,1558.24,120.46,85.61,143.24,194.28
2024-01-31,1550.15,119.05,84.32,140.04,193.28
2024-02-01,1555.27,119.25,84.21,140.17,197.14
2024-02-02,1541.24,116.57,83.76,137.45,202.67
2024-02-05,1575.25,119.32,85.18,137.97,207.82
2024-02-06,1621.24,125.74,89.53,146.69,212.97
2024-02-07,1656.23,126.62,91.11,149.04,219.5
2024-02-08,1651.24,126.34,91.51,146.9,218.37
2024-02-19,1640.67,128.9,91.01,148.39,217.99
2024-02-20,1615.24,127.13,90.3,146.61,216.34
2024-02-21,1662.9,133.77,94.69,156.3,227.04
2024-02-22,1663.62,133.85,95.31,158.64,228.07
2024-02-23,1659.33,134.46,94.8,162.24,226.63
2024-02-26,1640.22,132.51,93.31,162.58,221.4
2024-02-27,1634.74,132.51,93.39,163.16,219.24
2024-02-28,1626.79,132.28,92.4,162.54,219.96
2024-02-29,1640.24,135.0,94.01,168.99,226.23
2024-03-01,1630.3,135.34,94.13,169.06,230.17
2024-03-04,1621.54,133.08,92.43,163.84,229.77
2024-03-05,1640.34,134.34,93.65,165.74,235.13
2024-03-06,1625.79,131.81,92.42,161.97,231.17
2024-03-07,1628.87,131.0,92.31,160.5,230.95
2024-03-08,1616.67,131.17,91.99,159.07,230.17
2024-03-11,1639.73,133.91,94.41,166.14,235.28
2024-03-12,1690.24,141.06,99.26,179.21,248.61
2024-03-13,1672.69,140.51,98.09,178.8,247.87
2024-03-14,1661.87,142.31,98.01,180.26,244.55
2024-03-15,1662.73,145.24,96.25,180.84,245.05
2024-03-18,1653.5,146.25,95.96,179.44,243.32
2024-03-19,1653.26,150.12,97.26,183.98,243.65
2024-03-20,1654.84,149.7,96.37,182.44,241.97
2024-03-21,1654.24,149.36,95.82,183.54,242.9
2024-03-22,1646.59,146.18,94.12,176.38,240.02
2024-03-25,1634.25,144.47,92.25,176.44,239.69
2024-03-26,1654.53,147.97,93.43,180.55,243.35
2024-03-27,1646.24,145.41,91.89,177.69,239.43
2024-03-28,1646.88,145.85,91.61,178.3,238.27
2024-03-29,1648.14,146.26,90.66,177.83,238.25
2024-04-01,1666.57,150.03,93.92,184.59,245.71
2024-04-02,1659.23,148.25,93.11,184.21,247.47
2024-04-03,1660.35,147.35,92.99,185.81,246.85
2024-04-08,1611.9,140.04,89.67,173.54,239.79
2024-04-09,1607.46,139.23,90.81,171.43,238.72
2024-04-10,1593.22,135.87,88.54,168.94,237.93
2024-04-11,1593.24,135.09,87.89,171.48,236.88
2024-04-12,1579.27,133.24,86.46,164.1,233.27
2024-04-15,1618.22,140.07,89.21,174.18,244.96
2024-04-16,1615.24,137.72,88.26,169.54,240.98
2024-04-17,1612.24,138.05,89.01,170.14,236.4
2024-04-18,1616.02,137.73,89.69,171.43,235.57
2024-04-19,1591.88,135.65,88.46,168.92,232.05
2024-04-22,1620.3,137.31,90.4,171.45,236.87
2024-04-23,1637.52,139.78,91.82,174.24,241.57
2024-04-24,1638.84,141.73,91.42,175.33,242.26
2024-04-25,1638.28,141.73,91.41,173.21,238.75
2024-04-26,1654.67,145.0,93.1,179.66,245.46
2024-04-29,1649.24,144.5,88.87,182.24,251.22
2024-04-30,1650.24,143.18,88.08,179.34,255.48
2024-05-06,1705.44,147.76,91.45,186.79,262.17
2024-05-07,1715.24,148.69,91.48,186.86,263.29
2024-05-08,1709.21,147.75,88.95,184.21,261.87
2024-05-09,1701.24,147.59,89.91,183.8,262.2
2024-05-10,1684.22,147.18,89.57,180.18,263.49
2024-05-13,1651.24,143.85,88.26,174.02,257.29
2024-05-14,1647.22,144.09,88.58,175.17,256.34
2024-05-15,1645.24,144.12,88.81,174.06,253.62
2024-05-16,1649.74,146.8,89.01,178.62,254.97
2024-05-17,1660.24,149.16,90.71,183.09,256.94
2024-05-20,1654.24,150.05,90.59,185.98,257.74
2024-05-21,1650.24,149.29,89.86,184.91,254.5
2024-05-22,1642.95,147.87,89.46,180.25,252.59
2024-05-23,1637.25,146.35,88.86,176.89,250.62
2024-05-24,1622.32,143.9,88.53,174.54,245.31
2024-05-27,1615.36,144.33,88.11,173.96,244.33
2024-05-28,1609.88,142.78,87.17,173.59,241.14
2024-05-29,1619.24,141.96,87.04,172.25,238.55
2024-05-30,1594.24,139.01,86.43,167.34,236.67
2024-05-31,1593.69,139.45,86.34,168.09,234.51
2024-06-03,1584.63,138.73,85.97,167.47,236.27
2024-06-04,1598.44,140.53,86.61,168.76,237.08
2024-06-05,1589.24,138.51,86.15,165.22,237.13
2024-06-06,1585.05,137.65,85.18,162.22,235.0
2024-06-07,1564.42,135.09,84.23,159.42,230.6
2024-06-11,1514.24,131.23,83.28,152.65,224.98
2024-06-12,1516.92,130.65,83.37,151.54,224.91
2024-06-13,1500.25,127.31,83.44,149.13,221.57
2024-06-14,1500.24,128.43,84.08,149.24,227.98
2024-06-17,1486.74,128.48,82.92,150.48,226.46
2024-06-18,1466.74,126.64,82.18,147.42,221.04
2024-06-19,1477.12,126.97,81.31,146.57,218.25
2024-06-20,1476.22,124.95,79.15,144.8,217.39
2024-06-21,1447.12,122.95,78.26,143.33,210.17
2024-06-24,1452.67,123.78,79.44,142.74,212.31
2024-06-25,1462.77,124.26,79.89,143.63,211.94
2024-06-26,1465.34,124.05,80.07,142.56,211.22
2024-06-27,1466.61,122.4,79.95,141.42,209.18
2024-06-28,1443.51,120.79,78.41,136.73,204.05
2024-07-01,1416.5,121.05,78.23,136.24,200.23
2024-07-02,1466.82,124.31,77.63,137.23,201.81
2024-07-03,1476.12,123.75,77.18,135.85,196.58
2024-07-04,1461.86,123.34,76.49,132.75,194.52
2024-07-05,1429.12,121.7,76.08,130.61,191.04
2024-07-08,1396.12,118.66,74.48,127.55,187.54
2024-07-09,1414.15,119.82,75.27,129.19,187.34
2024-07-10,1413.71,119.29,75.35,126.74,188.82
2024-07-11,1438.21,123.23,77.53,130.09,190.73
2024-07-12,1454.94,124.82,77.82,130.12,194.76
2024-07-15,1451.02,124.92,77.76,131.54,193.44
2024-07-16,1452.12,124.9,78.13,130.81,190.72
2024-07-17,1477.52,128.18,80.51,134.76,196.94
2024-07-18,1473.63,128.52,80.26,136.14,197.84
2024-07-19,1501.74,130.84,81.23,140.22,201.55
2024-07-22,1475.12,128.64,80.42,135.54,194.54
2024-07-23,1431.12,124.22,77.51,128.68,182.83
2024-07-24,1416.14,123.48,77.75,127.22,178.54
2024-07-25,1406.61,123.2,78.55,124.8,179.01
2024-07-26,1398.31,123.62,78.53,123.07,179.89
2024-07-29,1374.14,121.52,77.18,119.47,176.19
2024-07-30,1356.11,120.71,77.22,118.57,178.3
2024-07-31,1397.4,124.28,79.47,123.9,181.87
2024-08-01,1362.28,121.42,78.04,118.03,175.77
2024-08-02,1361.57,121.12,77.92,116.59,174.54
2024-08-05,1386.13,123.42,77.88,120.04,180.96
2024-08-06,1380.82,123.32,78.36,120.13,182.54
2024-08-07,1391.62,124.42,77.99,120.5,188.54
2024-08-08,1406.81,125.77,78.37,122.81,192.44
2024-08-09,1412.92,125.5,78.09,122.39,191.04
2024-08-12,1412.22,125.13,77.56,122.3,188.83
2024-08-13,1399.13,123.02,76.84,120.34,186.42
2024-08-14,1389.42,121.75,76.2,118.44,183.09
2024-08-15,1403.01,122.37,76.62,119.78,182.85
2024-08-16,1407.32,122.43,75.97,118.49,181.34
2024-08-19,1401.56,121.37,75.84,118.02,181.57
2024-08-20,1398.84,120.57,75.06,117.09,179.71
2024-08-21,1393.7,119.62,74.89,116.38,178.35
2024-08-22,1386.17,118.41,74.06,115.74,176.21
2024-08-23,1391.11,118.53,74.74,116.85,175.32
2024-08-26,1388.12,115.54,74.91,117.17,173.25
2024-08-27,1380.19,115.12,75.14,117.39,173.28
2024-08-28,1365.12,111.42,73.76,111.58,163.14
2024-08-29,1389.42,116.2,74.91,113.92,164.14
2024-08-30,1419.31,120.45,79.55,117.92,174.37
2024-09-02,1371.12,116.42,75.67,111.14,164.98
2024-09-03,1386.12,117.74,75.43,112.87,167.19
2024-09-04,1376.12,116.53,74.92,111.33,165.13
2024-09-05,1381.0,116.97,74.3,112.04,165.74
2024-09-06,1374.12,114.95,73.26,109.24,161.53
2024-09-09,1351.12,113.64,71.64,106.54,157.45
2024-09-10,1354.12,113.85,71.87,105.83,157.19
2024-09-11,1356.12,113.43,71.69,104.57,157.44
2024-09-12,1311.18,110.78,70.67,101.24,151.69
2024-09-13,1280.25,106.62,70.58,99.46,147.74
2024-09-18,1243.02,105.11,69.83,98.66,145.33
2024-09-19,1237.12,108.32,70.96,100.14,150.68
2024-09-20,1240.04,107.7,71.41,100.01,151.77
2024-09-23,1237.66,109.71,71.71,100.99,152.02
2024-09-24,1348.72,117.78,74.67,109.26,162.59
2024-09-25,1375.12,119.52,75.65,111.11,161.99
2024-09-26,1505.12,131.73,82.94,122.36,178.44
2024-09-27,1605.32,145.16,88.8,134.73,196.53
2024-09-30,1724.12,159.93,96.86,148.34,216.43
2024-10-08,1699.12,161.47,95.73,157.64,228.34
2024-10-09,1571.27,145.1,86.06,141.74,205.26
2024-10-10,1616.12,149.4,86.27,145.93,206.89
2024-10-11,1581.11,147.07,84.28,140.02,196.9
2024-10-14,1578.11,147.18,84.18,139.84,199.69
2024-10-15,1530.37,141.42,82.18,133.03,190.35
2024-10-16,1498.62,139.07,81.39,133.63,188.04
2024-10-17,1470.72,135.37,80.07,129.83,181.73
2024-10-18,1517.12,140.42,82.64,133.88,188.57
2024-10-21,1504.92,140.43,82.86,132.85,190.68
2024-10-22,1519.12,142.86,84.16,135.87,193.54
2024-10-23,1543.62,145.95,84.39,138.76,196.56
2024-10-24,1528.32,143.88,83.23,134.28,190.29
2024-10-25,1534.97,145.53,84.01,135.26,192.54
2024-10-28,1541.12,151.39,84.88,141.28,202.01
2024-10-29,1507.74,148.22,83.05,138.64,200.88
2024-10-30,1508.12,146.22,82.3,135.45,194.64
2024-10-31,1503.91,144.25,78.06,134.15,198.44
2024-11-01,1509.87,145.34,78.19,135.17,206.3
2024-11-04,1524.32,146.02,80.34,135.94,207.44
2024-11-05,1553.11,150.22,83.82,139.76,215.33
2024-11-06,1547.12,148.67,85.58,138.54,211.4
2024-11-07,1625.26,159.66,91.62,152.53,230.94
2024-11-08,1586.09,153.89,89.52,149.64,223.64
2024-11-11,1574.13,152.24,87.62,146.74,223.54
2024-11-12,1553.32,151.72,86.9,145.34,219.54
2024-11-13,1554.62,151.36,86.99,144.53,220.57
2024-11-14,1549.92,150.91,87.63,143.25,218.75
2024-11-15,1535.12,148.71,87.12,142.74,214.36
2024-11-18,1535.12,146.75,85.2,141.31,210.46
2024-11-19,1518.04,145.87,84.87,140.32,206.61
2024-11-20,1520.93,147.02,85.03,141.11,207.54
2024-11-21,1521.25,146.92,84.83,140.32,206.02
2024-11-22,1483.94,142.31,82.17,134.93,196.94
2024-11-25,1474.69,141.22,81.92,135.52,195.28
2024-11-26,1485.12,142.22,82.09,135.51,198.54
2024-11-27,1495.17,144.47,83.1,137.51,199.94
2024-11-28,1494.12,141.42,82.76,134.78,198.27
2024-11-29,1501.86,144.19,83.42,137.37,201.23
2024-12-02,1501.12,144.82,84.61,137.66,199.01
2024-12-03,1502.86,144.41,84.07,136.82,197.7
2024-12-04,1496.12,143.15,83.13,135.74,197.17
2024-12-05,1487.12,142.45,82.79,134.94,196.31
2024-12-06,1497.13,143.86,83.35,136.85,197.55
2024-12-09,1494.92,143.18,82.7,136.52,198.02
2024-12-10,1522.71,146.52,83.31,140.33,202.56
2024-12-11,1511.72,146.82,83.51,139.94,202.42
2024-12-12,1541.92,149.24,84.62,143.55,207.52
2024-12-13,1495.12,145.46,81.6,136.43,196.98
2024-12-16,1503.32,142.01,81.34,131.24,192.43
2024-12-17,1534.12,142.31,81.47,130.64,192.87
2024-12-18,1547.62,142.62,81.87,130.14,192.75
2024-12-19,1527.13,140.97,81.37,128.61,190.77
2024-12-20,1522.0,140.63,82.67,128.96,190.04
2024-12-23,1526.45,139.87,81.07,128.4,185.94
2024-12-24,1538.82,140.9,80.91,128.76,187.06
2024-12-25,1530.0,140.5,81.04,128.19,186.42
2024-12-26,1527.79,139.91,81.24,127.93,186.47
2024-12-27,1528.97,139.94,81.69,128.19,185.33
2024-12-30,1525.0,138.63,80.79,125.5,183.47
2024-12-31,1524.0,137.46,81.2,123.84,181.75
2025-01-02,1488.0,134.41,78.95,119.69,175.52
2025-01-03,1475.0,132.82,79.45,118.38,175.54
2025-01-06,1440.0,128.25,78.35,113.94,171.74
2025-01-07,1440.2,128.27,78.52,114.69,171.48
2025-01-08,1442.5,127.12,77.77,114.25,169.11
2025-01-09,1444.0,128.0,77.76,114.57,170.65
2025-01-10,1436.0,126.02,75.99,111.98,168.93
2025-01-13,1443.98,126.62,76.29,114.93,171.1
2025-01-14,1472.5,130.44,78.04,119.12,178.4
2025-01-15,1471.27,130.19,77.64,117.85,177.79
2025-01-16,1446.38,128.9,77.44,116.63,175.84
2025-01-17,1454.75,129.72,77.67,117.34,176.1
2025-01-20,1474.8,131.72,78.02,117.82,179.84
2025-01-21,1468.15,130.81,77.85,116.94,177.34
2025-01-22,1441.0,127.77,77.35,115.13,173.96
2025-01-23,1443.0,128.65,77.68,115.18,174.62
2025-01-24,1436.0,127.72,78.11,114.87,173.76
2025-01-27,1434.99,127.2,78.4,115.55,172.0
2025-02-05,1403.8,125.01,77.12,113.81,169.75
2025-02-06,1412.84,125.9,77.4,114.25,171.43
2025-02-07,1436.0,127.63,77.88,115.5,173.99
2025-02-10,1431.51,127.53,77.58,115.71,176.39
2025-02-11,1418.0,126.26,77.16,114.28,175.0
2025-02-12,1443.0,127.7,77.4,115.98,180.26
2025-02-13,1465.06,131.51,78.79,120.45,192.43
2025-02-14,1475.0,131.23,78.59,119.86,190.12
2025-02-17,1471.62,131.55,78.6,120.49,192.98
2025-02-18,1475.0,130.2,77.94,118.78,188.35
2025-02-19,1491.0,131.11,77.97,119.0,189.77
2025-02-20,1474.0,130.5,77.85,118.0,190.65
2025-02-21,1488.21,131.12,78.86,119.08,193.26
2025-02-24,1479.07,131.9,79.34,121.85,198.91
2025-02-25,1454.0,128.75,77.91,119.9,194.1
2025-02-26,1460.01,129.8,78.39,121.58,199.24
2025-02-27,1485.56,132.75,78.96,127.78,204.7
2025-02-28,1500.79,131.58,77.36,126.46,203.68
2025-03-03,1487.02,130.84,77.11,125.0,196.97
2025-03-04,1470.11,129.75,76.18,123.48,195.89
2025-03-05,1466.37,128.61,76.44,123.73,196.61
2025-03-06,1505.98,131.68,77.12,126.18,200.88
2025-03-07,1521.0,134.8,77.83,131.41,205.47
2025-03-10,1522.9,132.69,77.38,132.12,206.01
2025-03-11,1548.68,135.2,78.28,136.83,217.0
2025-03-12,1542.58,132.97,76.84,135.78,214.1
2025-03-13,1537.77,132.39,76.67,135.26,215.9
2025-03-14,1628.01,140.8,79.02,143.61,222.85
2025-03-17,1637.86,139.84,78.91,142.94,228.93
2025-03-18,1624.0,139.55,78.36,143.37,224.81
2025-03-19,1635.71,138.92,78.25,139.02,222.22
2025-03-20,1604.0,135.99,77.63,135.16,218.56
2025-03-21,1573.75,134.6,77.29,130.68,217.0
2025-03-24,1583.0,134.31,76.9,132.75,213.2
2025-03-25,1575.5,133.56,77.03,131.58,212.48
2025-03-26,1576.0,133.35,77.02,132.11,212.84
2025-03-27,1589.0,133.9,77.32,134.12,217.67
2025-03-28,1585.21,133.23,76.95,132.3,217.21
2025-03-31,1561.0,131.35,76.25,129.72,214.28
2025-04-01,1556.02,131.79,76.4,130.89,212.43
2025-04-02,1549.02,131.15,76.41,129.71,212.8
2025-04-03,1568.88,132.0,76.75,132.58,218.15
2025-04-07,1500.0,126.78,73.4,125.56,216.5
2025-04-08,1545.0,130.76,74.46,129.0,216.5
2025-04-09,1541.04,132.25,75.6,131.67,222.63
2025-04-10,1549.0,133.15,75.39,132.8,222.0
2025-04-11,1568.98,131.6,74.09,130.17,220.99
2025-04-14,1551.99,131.04,73.62,129.47,215.7
2025-04-15,1558.0,131.35,73.45,130.21,215.36
2025-04-16,1559.17,132.3,73.01,131.0,218.22
2025-04-17,1570.0,132.53,73.38,132.33,223.9
2025-04-18,1565.94,131.75,73.25,131.8,220.09
2025-04-21,1551.0,130.34,73.04,129.6,214.89
2025-04-22,1548.8,130.1,72.88,129.14,217.95
2025-04-23,1552.0,129.97,72.74,128.65,214.76
2025-04-24,1552.25,129.06,72.37,126.55,213.7
2025-04-25,1550.0,129.05,72.44,125.36,211.15
2025-04-28,1550.0,130.85,71.7,125.6,209.51
2025-04-29,1544.0,129.55,68.83,123.6,202.99
2025-04-30,1547.0,128.7,68.6,123.74,204.1
